sample_id,question,gold_answer,source_triple_subject,source_triple_relation,source_triple_object,source_topic,question_quality,answer_correctness,notes
B001,How many individuals are extracted as bushmeat from the Amazon rainforest for species weighing less than 10 kg?,3,Bushmeat extraction in Amazon rainforest (species < 10 kg),HasSource,3 individuals,Bushmeat,,,
B002,What is the average dried weight unit in kg/m3?,3,Average dried weight unit,HasUnitOfMeasurement,kg/m3,Wood,,,
B003,What percentage of the total protein content in hemp seeds is albumin?,13%,Albumin,PercentageOf,13% of total protein content in hemp seeds,Hemp,,,
B004,What is the average recycling rate for recycling programs?,80%,Recycling programs,HasAverageValue,80% recycling rate,Recycling,,,
B005,What were the operational years of the Molten-Salt Reactor Experiment?,"1965, 1969",Molten-Salt Reactor Experiment,HasNumericValue,1965 to 1969,Nuclear fuel,,,
B006,How many acres does Cockfield Hall cover?,40,Cockfield Hall,HasNumericValue,40 acres,Wilderness Reserve,,,
B007,How many kilometers is the road distance from the Erongo Desalination Plant to Arandis?,90,Road distance from Erongo Desalination Plant to Arandis,HasNumericValue,90 kilometres,Erongo Desalination Plant,,,
B008,What number is in the name of the tax credit contained in the Inflation Reduction Act of 2022?,45,Inflation Reduction Act of 2022,HasAction,contains the 45Q tax,Carbon dioxide removal,,,
B009,What is the minimum latitude range for groups following Rapoport's rule?,"40, 50",Groups following Rapoport's rule,HasMinValue,latitudes of about 40–50 degrees,Rapoport's rule,,,
B010,What is the efficiency of the VLH turbine?,90,VLH turbine,EfficiencyOf,90,Micro hydro,,,
B011,What is the percentage increase in income for artisanal brick producers?,10,Income of artisanal brick producers,Increases,10,Program on Energy Efficiency in Artisanal Brick Kilns in Latin America to Mitigate Climate Change,,,
B012,What is the annual production capacity of BioSphere Plastic in metric tons?,"5,800",BioSphere Plastic,HasCapacity,"5,800 metric tons a year",BioSphere Plastic,,,
B013,By what year are Halon concentrations expected to start declining?,2020,Halon concentrations,HasTrend,expected to begin to decline by about 2020,Montreal Protocol,,,
B014,What is the specific percentage reduction target set by the Climate Change Act 2008?,80%,Climate Change Act 2008 target,HasPolicyTarget,80% reduction,Climate Change Act 2008,,,
B015,What is the efficiency of greenhouse collectors?,25,Greenhouse collectors,EfficiencyOf,25,Solar updraft tower,,,
B016,What is the annual sunlight exposure threshold in lux?,"1,000",Annual sunlight exposure threshold,HasNumericValue,"1,000 lux",Active daylighting,,,
B017,What is the target percentage for the reduction of HCFC consumption and production in developed countries by the year 2020?,"100%, 2020",HCFC consumption and production in developed countries,HasPolicyTarget,100% reduction set for 2020,Montreal Protocol,,,
B018,How many people are killed worldwide annually due to indoor air pollution from solid fuel use?,1.6,Indoor air pollution from using solid fuel,HasImpact,1.6 million people killed worldwide annually,Green-collar worker,,,
B019,How many tonnes of PM10 particulate matter were mitigated by trees in the Chicago region in 1991?,"234, 10, 10, 1991",Trees in the Chicago region,MitigationOf,234 tonnes of particulate matter less than 10 micrometres (PM10) in 1991,Urban forest,,,
B020,How many houses are supplied with approximately 50% of their heating and hot water by the Thermal store and solar collectors system?,"570, 50%",Thermal store and solar collectors system,HasImpact,supply 570 houses with around 50% of their heating and hot water,Thermal energy storage,,,
B021,In how many billion years is the carbon cycle expected to end?,"1, 2",End of the carbon cycle,HasNumericValue,between 1 billion and 2 billion years into the future,Carbon cycle,,,
B022,What is the efficiency percentage of the world record for solar hydrogen panels?,15,World record for solar hydrogen panels,EfficiencyOf,15,Solar hydrogen panel,,,
B023,What is the maximum transient temperature in Kelvin that zeolite catalysts can withstand?,"1120, 847",Zeolite catalysts,HasMaxValue,transient conditions of up to 1120 K (847 °C),Selective catalytic reduction,,,
B024,What is the probability that wind output changes by less than 10% within a single hour?,"80%, 10%",Wind output change in an hour,RiskOf,80% chance of changing less than 10%,Wind power,,,
B025,What percentage of total anthropogenic carbon emissions is attributed to tropical deforestation?,15%,Carbon emissions from tropical deforestation,PercentageOf,15% of total anthropogenic carbon emissions,Mangrove restoration,,,
B026,How much more of this strain of E. is found in grain-fed cattle compared to the baseline?,80%,Grain-fed cattle,HasComparison,80% more of this strain of E,Anaerobic lagoon,,,
B027,What is the difference in hectares between the total area of new brownfield sites and the previous government location in Hong Kong?,379,Difference between new brownfield site total and previous government location in Hong Kong,HasNumericValue,379 hectares,Brownfield land,,,
B028,What percentage of amino acid residues in the frog antimicrobial peptide dermaseptin are identical to those in Oxyopinin?,29%,Oxyopinin,HasPercentileValue,29% identical to the amino acid residues of the frog antimicrobial peptide dermaseptin,Oxyopinin,,,
B029,By how many pH units does open ocean surface water decrease per decade?,"0.017, 0.027",pH in open ocean surface water,Decreases,about 0.017 to 0.027 pH units per decade,Ocean acidification,,,
B030,What was the weight in tonnes of the fatberg discovered in Kingston upon Thames on 6 August 2013?,15,Fatberg discovered in Kingston upon Thames on 6 August 2013,HasNumericValue,15 tonnes,Fatberg,,,
B031,What is the data rate in Mbit/s?,10,Data rate,RateOf,10 Mbit/s,Geostationary Carbon Cycle Observatory,,,
B032,By what percentage does the policy target aim to increase efficient energy use?,20%,Efficient energy use increase,HasPolicyTarget,20% increase,Energy policy of the European Union,,,
B033,What is the overall electricity efficiency percentage in the UK?,34,Overall electricity efficiency in the UK,EfficiencyOf,34,Embodied energy,,,
B034,What is the minimum electrical conductivity in dS/m for severe soil salinity?,3,Severe level of salinity,HasMinValue,3 dS/m electrical conductivity,Tile drainage,,,
B035,What is the survival rate for fixed structure nurseries?,43,Fixed structure nurseries survival rate,HasPercentileValue,43,Coral reef restoration,,,
B036,What percentage of the world's population is estimated to die in a nuclear war scenario?,99%,Nuclear war scenario,HasImpact,kills 99% of the world's existing population,Nuclear holocaust,,,
B037,On what specific date in June 2010 did the Winnipeg City Council request a comprehensive waste management plan?,"23, 2010",Winnipeg City Council,HasAction,"requested comprehensive waste management plan on June 23, 2010",Municipal waste management in Winnipeg,,,
B038,What is the savings in electricity generation and utility costs per dollar invested in zero carbon home improvements?,2,Savings in electricity generation and utility costs per $1 invested in zero carbon home improvements,Saves,2,Zero carbon housing,,,
B039,What was the number of IDPs in Erbil in 2017?,2016,IDPs in Erbil,HasTrend,decline after 2016,Erbil Green Belt Project,,,
B040,What was the approximate total global installed hydropower electrical capacity in gigawatts in 2021?,"1400, 2021",Global installed hydropower electrical capacity,HasCapacity,almost 1400 GW in 2021,Hydroelectricity,,,
B041,What is the minimum altitude of the mesosphere in kilometers?,50,Mesosphere,HasMinValue,50 km,Atmospheric dispersion modeling,,,
B042,How many cubic meters of water are required to produce one ton of cotton fiber?,3644,Cotton,ConsumptionOf,3644 cubic meters of water to grow one ton of fiber,Environmental impact of fashion,,,
B043,What percentage of total net anthropogenic GHG emissions in 2019 came from buildings?,"6%, 2019",Buildings,PercentageOf,6% of total net anthropogenic GHG emissions in 2019,Greenhouse gas emissions,,,
B044,By what percentage does the EU climate and energy package aim to increase renewable energy production?,20%,EU climate and energy package,HasPolicyTarget,increase renewable energy production by 20%,ECOCITIES (software),,,
B045,What is the daily processing capacity of the Jiangcungou landfill in tonnes?,"2,600",Jiangcungou landfill,RateOf,"2,600 tonnes per day",Jiangcungou landfill,,,
B046,What is the minimum percentage of impervious surface coverage required for sites with specific design limitations?,40%,Sites for specific design limitations,HasMinValue,40% coverage of impervious surfaces,Water-sensitive urban design,,,
B047,By what percentage did the Giant eland population in the Chinko area decline between 2012 and 2017?,"2012, 2017",Giant eland population in Chinko area,HasTrend,decline between 2012 and 2017,Bushmeat,,,
B048,What was the target percentage for national renewable energy generation by 2015?,"15%, 2015",National renewable energy generation requirement,HasPolicyTarget,15% by 2015,Eco-cities in China,,,
B049,By what percentage does remanufacturing a gearbox reduce its global warming potential (CO2-eq) compared to manufacturing a new one?,"2, 36%",Remanufacturing gearboxes,Reduces,global warming potential (CO2-eq) by 36% compared to a newly manufactured one,Circular economy,,,
B050,By what percentage do mental health disorders increase following a 1 °C rise in average temperature over a five-year period?,2%,1 °C rise in average temperature over five years,HasImpact,2% increase in mental health disorders,Effects of climate change on human health,,,
B051,What is the increase in mortality rate for breast tumors in males exposed to toxic waste?,19,Mortality for breast tumors in males exposed to toxic waste,Increases,19,Toxic waste,,,
B052,What is the volume of scrubber sludge present at the site in cubic yards?,"62,000",Scrubber sludge present at the site,VolumeOf,"62,000 cubic yards",Chemetco,,,
B053,What percentage of Earth's vegetated area has shown an increasing trend in leaf area index over the past 35 years?,"25%, 50%, 35",Leaf area index,HasTrend,increasing for 25% to 50% of Earth's vegetated area over the past 35 years,CO2 fertilization effect,,,
B054,What is the annual probability of flooding for properties in Flood Risk Zone 1?,"200, 1",Band 1,RiskOf,200:1 chance of flooding in a year,Environmental surveying,,,
B055,What is the installed capacity of small hydro power in gigawatts?,75,Installed small hydro power,HasCapacity,75 GW,International Center on Small Hydro Power,,,
B056,By what percentage is the chance of developing depression increased for city dwellers?,20,Chance of developing depression for city dwellers,Increases,20,Urbanization,,,
B057,What year was the Great Lakes Compact adopted as the water withdrawal permit policy for Genesee County?,2008,Water withdrawal permit for Genesee County and others,PolicyOf,2008 Great Lakes Compact,Karegnondi Water Authority,,,
B058,How many tons of CO2 does the Solana Generating Station mitigate annually?,"475,000, 2",Solana Generating Station,MitigationOf,"475,000 tons of CO2 every year",Solana Generating Station,,,
B059,What is the exact percentage change in food insecurity in Oceania from 2023 to 2024?,"2023, 2024",Food insecurity in Oceania,HasTrend,slight decline from 2023 to 2024,Food security,,,
B060,What is the production rate of the first twin SAGD wells?,"320, 3",First test of twin SAGD wells,RateOf,320 m3/d,Steam-assisted gravity drainage,,,
B061,What is the annual motorcycle emission in Tehran in tons?,"149,952",Motorcycles in Tehran,EmissionOf,"149,952 tons/year",Air pollution in Iran,,,
B062,What percentage of the debris in the Great Pacific Garbage Patch does The Ocean Cleanup aim to remove?,50%,The Ocean Cleanup systems,HasImpact,remove 50% of the debris in the Great Pacific Garbage Patch,The Ocean Cleanup,,,
B063,"What is the total area, in square kilometers, of the proposed protected areas?","18,000",Proposed protected areas,HasNumericValue,"18,000 square kilometres",Great Bear Rainforest,,,
B064,What is the volume of the first phase of the Saltcrete waste stream?,"1,705",First phase of Saltcrete waste stream,VolumeOf,"1,705 cubic meters",Saltcrete,,,
B065,What percentage of the irrigation location in Asia is accounted for in 2023?,"71%, 2023",Irrigation location in Asia,HasPercentileValue,71% in 2023,Irrigation,,,
B066,What is the installed capacity of the Beauharnois Hydroelectric Generating Station in megawatts?,"1,853",Beauharnois Hydroelectric Generating Station,HasCapacity,"1,853 MW",Run-of-the-river hydroelectricity,,,
B067,By what percentage did Australia's carbon dioxide emissions from electricity generation fall to reach a 10-year low nine months after the introduction of the pricing scheme?,10,Australia's carbon dioxide emissions from electricity generation,HasTrend,fallen to a 10-year low nine months after introduction of the pricing scheme,Carbon pricing in Australia,,,
B068,How many deaths per year are attributed to outdoor air pollution?,4.2,Outdoor Air Pollution,HasStatistic,4.2 million deaths per year,Air pollution,,,
B069,What is the approximate bandwidth in microns for the wavelength band centered around 17 microns?,1,Wavelength band width around 17 microns,HasNumericValue,approximately 1 micron,Illustrative model of greenhouse effect on climate change,,,
B070,What is the lifetime risk of lung cancer?,3,Lifetime risk of lung cancer,HasPercentileValue,3,Health effects of radon,,,
B071,By what percentage has ocean water acidity increased compared to the 1980s?,"30%, 1980",Ocean water acidity,Increases,30% compared to the 1980s,Bermuda Atlantic Time-series Study,,,
B072,What is the percentage decrease of Indigenous languages in the Pacific?,30,Indigenous languages in the Pacific,Decreases,30,Biocultural diversity,,,
B073,"By what percentage must wastewater treatment plants with a capacity between 10,000 and 150,000 PE, which discharge into coastal or sensitive waters, be adapted to meet policy targets by December 31, 2039?","60%, 31, 2039","Wastewater treatment plants (10,000-150,000 PE) discharging into coastal or sensitive waters",HasPolicyTarget,60% adapted by 31 December 2039,Biological nutrient removal,,,
B074,What is the maximum THC percentage for the product announced by the Stanleys in September 2014?,0.3%,Product announced by the Stanleys in September 2014,HasMaxValue,less than 0.3% THC,Blueberry Diesel,,,
B075,What year was the study on the source of the North Crimean Canal's water provision to Crimea published?,2015,North Crimean Canal water provision to Crimea,HasSource,2015 study,North Crimean Canal,,,
B076,"What was the average total sewage bill, including both ALCOSAN and municipal fees, in 2012?",2012,Average total sewage bill (ALCOSAN plus municipal),HasContext,As of 2012,Allegheny County Sanitary Authority,,,
B077,"What is the estimated global electricity consumption of data centers in 2024, measured in terawatt-hours?","415, 2024",Data centres,ConsumptionOf,~415 TWh in 2024,Green Information Technology,,,
B078,"What is the required percentage of ethanol in gasoline sold in Colombian cities with populations exceeding 500,000?","10%, 500,000",Colombia ethanol mandate,PolicyOf,"10% ethanol in all gasoline sold in cities with populations exceeding 500,000",Biofuels by region,,,
B079,How many tons of fishing gear were sent to Aquafil Group for recycling?,22,Fishing gear sent to Aquafil Group for recycling,VolumeOf,22 tons,Ghost net,,,
B080,What was the estimated risk of AI causing an extremely bad outcome in 2019?,2,Risk of AI causing extremely bad outcome in 2019,RiskOf,2,Human extinction,,,
B081,What is the percentage target for conditional emission reductions by 2020?,"25%, 2020",Conditional emission reduction target,HasPolicyTarget,25% by 2020,Carbon Pollution Reduction Scheme,,,
B082,How many litres of untreated sewage enter rivers daily?,1.5,Untreated sewage entering rivers daily,HasNumericValue,1.5 billion litres,Environmental personhood,,,
B083,How many studies were published annually by 2010?,"100, 2010",Studies published annually,HasNumericValue,100 by 2010,Urban heat inequity,,,
B084,By approximately what percentage does the Reduces of Kite parafoils reduce emissions?,20%,Kite parafoils,Reduces,emissions by about 20%,Decarbonization of shipping,,,
B085,What was the estimated economic impact of the Black Summer fires?,20,Black Summer fires,HasImpact,20 billion,2020 in climate change,,,
B086,What percentage of tree wealth belongs to the poorest families?,60,Tree wealth belonging to the poorest families,HasPercentileValue,60,Tree planting,,,
B087,What was the Renewable Portfolio Standard policy target percentage for the three largest utilities in Oregon in 2015?,"15%, 2015",Oregon RPS for three largest utilities,HasPolicyTarget,15% in 2015,Renewable portfolio standards in the United States,,,
B088,How many years did it take for the human population to grow from 3 billion to 4 billion?,14,Time to reach 4 billion humans,HasNumericValue,14 years,Human overpopulation,,,
B089,What was Russia's total carbon dioxide equivalent emission in million tonnes for June 2023?,"2,476, 2, 2023",Russia,EmissionOf,"2,476 million tonnes CO2 equivalent in June 2023",List of locations and entities by greenhouse gas emissions,,,
B090,How old are ancient drainage systems?,"5,000",Ancient drainage systems,HasNumericValue,"over 5,000 years old",Sustainable drainage system,,,
B091,How many times larger is Pluie's travel area compared to Yellowstone National Park?,10,Pluie's travel area relative to Yellowstone National Park,HasComparison,10 times the size,Yellowstone to Yukon Conservation Initiative,,,
B092,What is the incidence rate of cancer caused by air toxicant exposure per million people?,"30, 1",Cancer incidence due to air toxicant exposure,HasStatistic,30 in 1 million people,Area source pollution,,,
B093,By what percentage have the unit costs of solar energy decreased?,85,Unit costs of solar energy,Reduces,85,Energy transition,,,
B094,What was the average annual number of mortality and serious injury incidents attributed to ship strikes between 1999 and 2003?,"1999, 2003",Incidents of mortality and serious injury attributed to ship strikes,HasAverageValue,one per year from 1999 to 2003,Environmental impact of shipping,,,
B095,By what year does the Net Zero Asset Managers initiative aim to achieve carbon neutrality?,2050,Net Zero Asset Managers initiative carbon neutrality target,HasPolicyTarget,carbon-neutral by 2050,2020 in climate change,,,
B096,What was the announced production increase percentage for the Puna Geothermal Venture in March 2018?,2018,Puna Geothermal Venture,HasContext,production increase plan announced in March 2018,Puna Geothermal Venture,,,
B097,What is the maximum flow rate for showerheads mandated by the Energy Policy Act of 1992?,1992,Showerhead maximum flow rate standard,HasSource,Energy Policy Act of 1992,Residential water use in the U.S. and Canada,,,
B098,In what year were the first seedlings planted in Larose Forest?,1928,First seedlings in Larose Forest,HasContext,planted in 1928,Larose Forest,,,
B099,"What percentage of wild relatives of cereal crops like wheat, maize, rice, and sorghum are currently under threat?",6%,"Wild relatives of cereal crops (wheat, maize, rice, sorghum)",HasPercentileValue,6% under threat,Crop diversity,,,
B100,What is the estimated annual efficiency of thermal energy storage?,99%,Thermal energy storage efficiency estimate,EfficiencyOf,99% annual efficiency,Thermal energy storage,,,
