id,relation,question,fact (devstral gold),wikipedia_url,verified_value,verified_source_url,"verdict (match/minor/wrong/
unverifiable/outdated)",notes
3,VolumeOf,How many tons of fishing gear were sent to Aquafil Group for recycling?,Fishing gear sent to Aquafil Group for recycling  —VolumeOf—  22 tons,https://en.wikipedia.org/wiki/Ghost_net,22 tons,https://xray-mag.com/content/ghost-fishing-organisation-puts-divers-centre-stage-0,match,
12,EfficiencyOf,What is the efficiency of the glazed collector area?,Glazed collector area  —EfficiencyOf—  0.5 percent,https://en.wikipedia.org/wiki/Solar_updraft_tower,0.5 percent,https://www.sciencedirect.com/science/article/pii/S0960148122010229,match,not cited properly in wikipedia
13,RateOf,What is the average observation rate in hours for the continental US?,Observation rate for continental US  —RateOf—  2.25 hours,https://en.wikipedia.org/wiki/Geostationary_Carbon_Cycle_Observatory,2-1/4 hours,https://web.archive.org/web/20190617071000/https://www.nasa.gov/feature/jpl/geocarb-a-new-view-of-carbon-over-the-americas/,match,just different format in source
15,VolumeOf,What was the total volume of dead algae removed from Beijing's waterways during the 2008 Olympics cleanup?,"Beijing Olympics algae cleanup (2008)  —VolumeOf—  20,000 tons of dead algae",https://en.wikipedia.org/wiki/RED_TIDE,"20,000 tons",https://www.ibtimes.co.uk/china-yellow-sea-turns-green-qingdao-beaches-are-covered-algae-photos-1509734,match,
16,HasPolicyTarget,By what percentage were nitrogen oxide air concentrations targeted to be reduced by 2010?,Nitrogen oxides air concentrations  —HasPolicyTarget—  reduced by 41% by 2010,https://en.wikipedia.org/wiki/Air_quality_and_EU_legislation,41%,https://dieselnet.com/standards/inter/gothenburg.php,match,year matched
22,EfficiencyOf,What is the efficiency range of cleaner wood burning stoves?,Cleaner wood burning  —EfficiencyOf—  60-80%,https://en.wikipedia.org/wiki/Renewable_heat,60-80%,https://www.firepitsurplus.com/blogs/shopping-guides/wood-stove-vs-pellet-stove,match,the original source document is not available but the number is cited in the stoves sold as well
23,HasNumericValue,How many bikes are there per person in the Netherlands?,Bikes per person in the Netherlands  —HasNumericValue—  about 1.3,https://en.wikipedia.org/wiki/Active_mobility,17 million people shares 22.8 million bicycles,https://www.government.nl/themes/transport/bicycles,match,"22.8M bikes / 17M people = 1.34 ≈ 1.3; ""about"" figure"
35,ConsumptionOf,What percentage of the world's total electricity use is attributed to the environmental footprint of the sector?,Environmental footprint of the sector  —ConsumptionOf—  5-9% of the world's total electricity use,https://en.wikipedia.org/wiki/Green_information_system,between 5% and 9%,https://www.enerdata.net/publications/executive-briefing/between-10-and-20-electricity-consumption-ict-sector-2030.html,match,functionally matching
36,HasMaxValue,"What is the maximum pressure, in atmospheres, for the hydrothermal liquefaction process?",Hydrothermal liquefaction process pressure  —HasMaxValue—  178 atm,https://en.wikipedia.org/wiki/Hydrothermal_liquefaction,7 to 18 Mpa,https://web.archive.org/web/20080515195211/http://www.age.uiuc.edu/bee/RESEARCH/tcc/tccpaper3.htm,match,"7 to 18 Mpa (1000 to 2600 psi - 69 to 178 atm) 
matches functionally"
40,HasNumericValue,How many students have completed doctoral theses at the WildCRU?,WildCRU  —HasNumericValue—  Over 45 students completed doctoral theses,https://en.wikipedia.org/wiki/WildCRU,To date 137 students,https://www.wildcru.org/study/diploma/diploma-students-alumni/,outdated,the value was correct in 2015 but outdated now
44,HasNumericValue,How many terrestrial and freshwater animal families were studied?,Terrestrial and freshwater animal families studied  —HasNumericValue—  Over 600,https://en.wikipedia.org/wiki/Carboniferous_rainforest_collapse,600,https://www.cambridge.org/core/journals/paleontological-society-special-publications/article/abs/sluggish-rates-of-evolution-for-land-animals-during-the-late-paleozoic-ice-age-a-geobiological-interpretation/4D1B6404B4B538D3A96125D6DF0DFB98,match,"paper locked behind paywall, number available in abstract"
49,Reduces,What is the reduction in performance of olive fibre and straw fibre insulation panels in Bari during the cooling season?,Performance of olive fibre and straw fibre insulation panels in Bari during cooling season  —Reduces—  14,https://en.wikipedia.org/wiki/Straw-bale_construction,14%,https://www.sciencedirect.com/science/article/abs/pii/S092666902030145X?via%3Dihub,match,
51,Saves,How many Euros are saved annually in Graz?,Annual savings in Graz  —Saves—  over 2 million Euros,https://en.wikipedia.org/wiki/EcoProfit,2.3 million,https://www.umwelt.graz.at/cms/dokumente/10430902_13610611/b48db940/Oekoprofit_Broschuere_2025_Web.pdf,match,
52,HasAction,What percentage reduction in greenhouse gas emissions for 2030 was removed by the Climate Change (Emissions Reduction Targets) (Scotland) Act 2019?,Climate Change (Emissions Reduction Targets) (Scotland) Act 2019  —HasAction—  remove the target of a reduction in greenhouse gas emissions of 75% for 2030,https://en.wikipedia.org/wiki/Climate_Change_%28Scotland%29_Act_2009,75%,https://theconversation.com/scotland-is-ditching-its-flagship-2030-climate-goal-why-legally-binding-targets-really-matter-228208,match,"he Scottish government has rescinded its 2030 target of a 75% emissions cut to greenhouse gas emissions, relative to 1990"
57,EmissionOf,How many kilograms of carbon dioxide equivalent are emitted per kilogram of ammonium nitrate manufactured?,Manufacture of ammonium nitrate  —EmissionOf—  over 2 kilograms of carbon dioxide equivalent per kilogram,https://en.wikipedia.org/wiki/Climate-friendly_gardening,2000 g CO2,https://www.sciencetheearth.com/uploads/2/4/6/5/24658156/2004_wood_a_review_of_greenhouse_gas_emission_factors.pdf,match,2000g = 2kg
63,VolumeOf,"How much water, in acre-feet, is stored in the Carrizo ASR facility?","Carrizo ASR facility water storage  —VolumeOf—  more than 91,000 acre-feet",https://en.wikipedia.org/wiki/Aquifer_storage_and_recovery,"91,000 acre-feet","https://cdn.ymaws.com/www.taccbo.org/resource/resmgr/2014_Galveston_Presentations/3-1_TX_Water_Report_96-1746.pdf

http://www.trcc.state.tx.us/specialrpt/water/96-1746.pdf",match,link in wikipedia outdated
71,HasStatistic,By what percentage have CO2 emissions in Germany decreased compared to 1990 levels?,CO2 emissions in Germany  —HasStatistic—  27% decrease against 1990 levels,https://en.wikipedia.org/wiki/Energiewende,27%,https://web.archive.org/web/20160909131930/http://deepdecarbonization.org/wp-content/uploads/2015/09/DDPP_DEU.pdf,match,year matched
79,HasPercentileValue,What percentage of emerging infectious diseases are of zoonotic origin?,Emerging infectious diseases of zoonotic origin  —HasPercentileValue—  up to 75%,https://en.wikipedia.org/wiki/Zoonosis,75%,https://www.nature.com/articles/nature06536,match,verified from data in graph
81,HasMaxValue,What is the maximum transient temperature in Kelvin that zeolite catalysts can withstand?,Zeolite catalysts  —HasMaxValue—  transient conditions of up to 1120 K (847 °C),https://en.wikipedia.org/wiki/Selective_catalytic_reduction,up to 1120 K (847 °C),https://www.sciencedirect.com/science/article/abs/pii/S100207212500362X,match,
83,PercentageOf,What percentage of global anthropogenic greenhouse gas emissions in 2019 was attributed to nitrous oxide?,Nitrous Oxide  —PercentageOf—  4% of global anthropogenic greenhouse gas emissions in 2019,https://en.wikipedia.org/wiki/Causes_of_climate_change,~4%,https://www.ipcc.ch/report/ar6/wg3/downloads/report/IPCC_AR6_WGIII_SummaryForPolicymakers.pdf,match,vrified from graph
87,HasMaxValue,What is the maximum estimated cost for removing MTBE from groundwater and contaminated soil?,Cost estimates for removing MTBE from groundwater and contaminated soil  —HasMaxValue—  $30 billion,https://en.wikipedia.org/wiki/MTBE_controversy,at least $ 29 billion,https://web.archive.org/web/20071020072714/http://www.mtbe-eresource.com/liu.cfm,match,
98,Reduces,By what percentage does vertical farming reduce water usage compared to traditional farming?,Vertical farming water usage  —Reduces—  water usage by 97% compared to traditional farming,https://en.wikipedia.org/wiki/Vertical_farming,97%,https://iorma.com/archives/6243,match,study by a startup called terraform
101,HasAverageValue,What was the average rate of warming in degrees Celsius per thousand years at the end of the last glaciation?,Warming at the end of the last glaciation  —HasAverageValue—  1 °C per thousand years,https://en.wikipedia.org/wiki/Coral_in_non-tropical_regions,1 °C,https://academic.oup.com/icb/article-abstract/39/1/10/124519,match,"was 1, +1.6°C relative to the temperature at the beginning of last century (the 1880-1920 average), https://www.tandfonline.com/doi/full/10.1080/00139157.2025.2434494"
107,ConsumptionOf,What percentage of global freshwater use is accounted for by agriculture?,Agriculture  —ConsumptionOf—  70% of global freshwater use,https://en.wikipedia.org/wiki/Planetary_health_diet,70 percent,https://openknowledge.fao.org/server/api/core/bitstreams/0dda22d4-41fa-4c16-9090-55ade8cadf66/content,match,reached after 1 hop from wikipedia
110,HasPercentileValue,What is the energy penalty from pumps and fans in coal CCS?,Energy penalty from pumps and fans in coal CCS  —HasPercentileValue—  10,https://en.wikipedia.org/wiki/Carbon_capture_and_storage,"Electricity from pumps, fans, etc ~10%",https://www.cmu.edu/epp/iecm/rubin/PDF%20files/2012/The%20Outlook%20for%20improved%20carbon%20capture%20technology_PECS_2012.pdf,match,from table
111,Saves,How many gigajoules of energy are saved per tonne of waste through textile reuse?,Energy savings from textile reuse per tonne of waste  —Saves—  164 GJ of energy usage,https://en.wikipedia.org/wiki/Textile_recycling,164 gigajoules (GJ) ,https://onlinelibrary.wiley.com/doi/10.1111/jiec.12208,match,
112,HasComparison,How many times larger is Pluie's travel area compared to Yellowstone National Park?,Pluie's travel area relative to Yellowstone National Park  —HasComparison—  10 times the size,https://en.wikipedia.org/wiki/Yellowstone_to_Yukon_Conservation_Initiative,"wandered an area of about 40,000 square miles",https://web.archive.org/web/20170302180307/https://www.nytimes.com/2006/05/23/science/earth/23wolf.html,minor,"~40,000 miles (vs yellowstone 3472 sq. miles)"
114,HasCapacity,What is the annual waste burning capacity of the Acerra incinerator in tons?,"Acerra incinerator waste burning capacity  —HasCapacity—  600,000 tons per year",https://en.wikipedia.org/wiki/Refuse-derived_fuel,"~600,000 tones",https://www.gruppoa2a.it/it/chi-siamo/nostri-impianti/ciclo-rifiuti/termovalorizzatori/termovalorizzatore-acerra,match,700.000 tons - ~100 tons oils
116,HasComparison,How many times greater is the potential of solar energy compared to the projected global energy demand for 2050?,"Solar energy potential  —HasComparison—  could power humanity's needs 4,000 times over the entire global projected energy demand by 2050",https://en.wikipedia.org/wiki/Non-renewable_resource,~4000,https://energy.mit.edu/wp-content/uploads/2015/05/MITEI-The-Future-of-Solar-Energy.pdf,match,matched from reported usage and potential (perfect) yeild
119,HasAverageValue,How many kilograms of magnesium are in a ton of horse manure on average?,Horse manure  —HasAverageValue—  2.5 kg Magnesium per ton,https://en.wikipedia.org/wiki/Mushroom_compost,~2.5 kg,https://web.archive.org/web/20160807231518/http://pilzkulturen.com/index.php?page=substrat&sub=champost,match,0.85% out of 32% (with 32% = 100 tons)
125,HasUnitOfMeasurement,What is the unit of measurement for radiative efficiency (ax)?,Radiative efficiency (ax)  —HasUnitOfMeasurement—  Wm−2 kg−1,https://en.wikipedia.org/wiki/Global_warming_potential,Wm−2 kg−1,https://www.sciencedirect.com/topics/earth-and-planetary-sciences/radiative-forcing,match,
136,HasComparison,By what factor is the biodiversity of specific forests greater than that of larger forests?,Biodiversity of specific forests  —HasComparison—  100x biodiversity than larger forests,https://en.wikipedia.org/wiki/Sustainable_city,100x,https://www.researchgate.net/publication/390663718_Miyawaki_technique_for_sustainable_urban_greening_and_ecological_restoration_A_review,match,The Miyawaki Method
138,HasGrowthRate,By what percentage did the issuance of green bonds increase from 2015 to 2016?,Green bonds issuance  —HasGrowthRate—  92% increase from 2015 to 2016,https://en.wikipedia.org/wiki/Green_bond,92%,https://web.archive.org/web/20170429033450/https://www.climatebonds.net/files/files/2016%20GB%20Market%20Roundup.pdf,match,
140,HasCapacity,What was the approximate total global installed hydropower electrical capacity in gigawatts in 2021?,Global installed hydropower electrical capacity  —HasCapacity—  almost 1400 GW in 2021,https://en.wikipedia.org/wiki/Hydroelectricity,~1400,https://www.iea.org/reports/renewables-2022/renewable-electricity,match,data obtained after adding all the countires values in the graph
142,HasNumericValue,What is the equivalent thickness of the atmosphere in kilometers?,Equivalent thickness of the atmosphere  —HasNumericValue—  9 km,https://en.wikipedia.org/wiki/Air_mass_%28solar_energy%29,9 km,https://opg.optica.org/viewmedia.cfm?r=1&rwjcode=ao&uri=ao-28-22-4735&seq=0&html=true,match,
148,ConsumptionOf,"How many tonnes of fuel does an average-sized cruise ship with 2,000 passengers consume per day while in port?","Average-sized cruise ship (2,000 passengers)  —ConsumptionOf—  50 tonnes of fuel per day in port",https://en.wikipedia.org/wiki/Cruise_ship_pollution_in_Europe,50 tons,https://www.youtube.com/watch?v=yl5xYm-0hvo,match,study done by Deutsche Welle (DW) investigation
150,RateOf,What is the daily processing capacity of the Jiangcungou landfill in short tons?,"Jiangcungou landfill  —RateOf—  2,900 short tons per day",https://en.wikipedia.org/wiki/Jiangcungou_landfill,"2,900 short tons",https://www.scmp.com/news/china/society/article/3025826/will-nationwide-waste-sorting-solve-chinas-landfill-problem,match,"2,600 long tons ( 2,600 short tons)"
172,HasPercentileValue,"What percentage of wild relatives of cereal crops like wheat, maize, rice, and sorghum are currently under threat?","Wild relatives of cereal crops (wheat, maize, rice, sorghum)  —HasPercentileValue—  6% under threat",https://en.wikipedia.org/wiki/Crop_diversity,6%,https://www.intechopen.com/chapters/48312,match,"from the written source, not the cited link"
174,PercentageOf,What percentage of total water use is attributed to domestic water?,Domestic water use  —PercentageOf—  3.6% of total water use,https://en.wikipedia.org/wiki/Water_footprint,3.60%,https://pmc.ncbi.nlm.nih.gov/articles/PMC3295316/,match,
176,HasMinValue,What is the minimum flow rate in November?,Minimum flow rate in November  —HasMinValue—  100 m3/s,https://en.wikipedia.org/wiki/Water_use_in_alluvial_fans,100 m3/s,https://www.waterlog.info/pdf/molapos.pdf,match,low in November (100 to 200 m3 /s)
181,Saves,How many gallons of water does the CalFibre approach save annually?,CalFibre approach  —Saves—  18 billion gallons of water annually,https://en.wikipedia.org/wiki/Agricultural_waste,~18 billion,https://www.enr.com/articles/52483-project-of-the-year-calplant-is-worlds-first-rice-waste-to-mdf-site,match,includes savings based on the chaging practices caused by the plant not for the exact plant
183,MitigationOf,How many tonnes of nitrogen dioxide (NO2) were mitigated by trees in the Chicago region in 1991?,Trees in the Chicago region  —MitigationOf—  98 tonnes of nitrogen dioxide (NO2) in 1991,https://en.wikipedia.org/wiki/Urban_forest,98 tons,https://www.csu.edu/cerc/documents/ChicagosUrbanForestEcosystem-ResultsoftheChicagoUrbanForestClimateProject.pdf,match,
185,HasGrowthRate,What is the projected percentage growth for wind turbine service technicians in the United States between 2017 and 2024?,Wind turbine service technicians profession growth in the United States  —HasGrowthRate—  108.0 per cent projected growth between 2017 and 2024,https://en.wikipedia.org/wiki/Green_job,108 percent,https://www.bloomberg.com/graphics/2017-job-projections-2024/,match ,the original BLS article taken down. current 2024 to 2034 potential is 50%
189,HasMaxValue,What is the maximum temperature of a combustion chamber in degrees Celsius?,Combustion chamber temperature  —HasMaxValue—  700 °C,https://en.wikipedia.org/wiki/Total_organic_carbon,1000 degree celcius,https://www.svan.in/resources/articles/total-organic-carbon-toc-an-overview1,wrong,680 to 1000 degree celcius
193,Reduces,What is the percentage of bulk volume reduction for waste?,Bulk volume reduction of waste  —Reduces—  60,https://en.wikipedia.org/wiki/Waste_autoclave,60%,https://pdf.medicalexpo.com/pdf/gient/medical-waste-vertical-autoclave-clinics-waste-disposal-gient-mwv-series/95343-189922.html,match,applicable only with shredder
194,ConsumptionOf,"What is the estimated global electricity consumption of data centers in 2024, measured in terawatt-hours?",Data centres  —ConsumptionOf—  ~415 TWh in 2024,https://en.wikipedia.org/wiki/Green_Information_Technology,415 TWh,https://www.iea.org/reports/energy-and-ai/executive-summary,match,
214,Reduces,By approximately what percentage does the Reduces of Kite parafoils reduce emissions?,Kite parafoils  —Reduces—  emissions by about 20%,https://en.wikipedia.org/wiki/Decarbonization_of_shipping,20%,https://www.maritimepropulsion.com/news/line-orders-airseas-kites-598192,match,
216,HasAverageValue,What is the average area burned by forest fires in Canada per year?,"Average area burned by forest fires in Canada per year  —HasAverageValue—  25,000 km2",https://en.wikipedia.org/wiki/Wildfire_suppression,"25,000 km2",https://web.archive.org/web/20090530143903/http://fire.cfs.nrcan.gc.ca/questions-eng.php,match,"2.5 million hectares (ha) or 9,700 square miles (25,000 km2)"
229,HasGrowthRate,By what percentage did SO2 emissions decrease in the European Union during that period?,SO2 emissions in the European Union  —HasGrowthRate—  decrease of over 70% during the same period,https://en.wikipedia.org/wiki/Acid_rain,70%,https://www.epa.gov/sites/default/files/2015-08/documents/arp_2008_environmental_results.pdf,match,derived from table across state local and EPA monitorimg sites across urban areas
232,HasMinValue,How old are the oldest trees in a virgin red spruce forest?,Trees in virgin red spruce forest  —HasMinValue—  300 years old,https://en.wikipedia.org/wiki/Gaudineer_Scenic_Area,300 years,https://web.archive.org/web/20060912203553/http://www.randolphcountywv.com/Outdoors%20Recreation/GaudineerScenicArea.htm,match,"upwards of 300 years, hence HasMinValue"
235,VolumeOf,What is the approximate volume of water injected by Oregon's agriculture ASR wells?,"Water injected by Oregon agriculture ASR wells  —VolumeOf—  well over 3,000 acre-feet",https://en.wikipedia.org/wiki/Aquifer_storage_and_recovery,-,https://www.oregon.gov/owrd/programs/gwwl/gw/pages/asr.aspx,unverified,"source page has been update to reflect more than 2 billion gallons or 6,137 acre-feet per year"
236,EfficiencyOf,What is the efficiency of microwave broadcasts from the satellite?,Microwave broadcasts from the satellite  —EfficiencyOf—  85,https://en.wikipedia.org/wiki/Space-based_solar_power,85%,https://ntrs.nasa.gov/api/citations/19790007868/downloads/19790007868.pdf,match,
258,HasNumericValue,What is the annual sunlight exposure threshold in lux?,"Annual sunlight exposure threshold  —HasNumericValue—  1,000 lux",https://en.wikipedia.org/wiki/Active_daylighting,1000 lux,https://www.usgbc.org/credits/healthcare/v4-draft/eqc-0?return=%2Fcredits%2Fhealthcare%2Fv4,match,"Demonstrate through annual computer simulations that annual sunlight exposure1000,250 (ASE1000,250)"
273,EmissionOf,What was the total CO2 equivalent emissions from the industry sector in 2019?,Industry  —EmissionOf—  14 GtCO2-eq in 2019,https://en.wikipedia.org/wiki/Greenhouse_gas_emissions,14,https://www.researchgate.net/publication/353251958_A_comprehensive_dataset_for_global_regional_and_national_greenhouse_gas_emissions_by_sector_1970-2019,match,
279,HasNumericValue,How many years did it take for the human population to grow from 3 billion to 4 billion?,Time to reach 4 billion humans  —HasNumericValue—  14 years,https://en.wikipedia.org/wiki/Human_overpopulation,14,https://www.unfpa.org/world-population-trends,match,
282,HasCapacity,What is the estimated electrical generation capacity using enhanced technology in gigawatts?,Electrical generation capacity using enhanced technology  —HasCapacity—  between 65 and 138 GW,https://en.wikipedia.org/wiki/World_energy_resources,65 and 138 GW,https://web.archive.org/web/20060929100210/http://www.geo-energy.org/aboutGE/potentialUse.asp#world,match,"65,576 and 138,131 MW"
287,HasGrowthRate,By what percentage did the math test progression of students in classrooms with the most daylighting exceed that of others over a one-year period?,Students with most daylighting in classrooms  —HasGrowthRate—  20% faster progression on math tests in one year,https://en.wikipedia.org/wiki/Green_building_on_college_campuses,20%,https://www.researchgate.net/publication/353983355_This_is_the_full_1999_PGE_Daylighting_in_Schools_Report_WITH_appendices_retrieved_from_the_ERIC_website_where_it_is_also_available,match,
295,RateOf,What is the rate of fresh water usage in litres per second?,Fresh water usage rate  —RateOf—  10 litres per second,https://en.wikipedia.org/wiki/Statkraft_osmotic_power_prototype_in_Hurum,10 ltrs,https://onepetro.org/OTCONF/proceedings-abstract/17OTC/17OTC/D041S055R005/91500?redirectedFrom=PDF,match,
301,HasMinValue,What is the minimum estimated number of undescribed oceanic species?,"Undescribed oceanic species estimates  —HasMinValue—  178,000",https://en.wikipedia.org/wiki/Biodiversity_loss,"178,000",https://www.annualreviews.org/content/journals/10.1146/annurev.energy.31.020105.100235,match,
302,HasCapacity,What is the nameplate capacity in megawatts for a single unit at the Valle Solar Power Station?,Valle Solar Power Station  —HasCapacity—  50 MW nameplate capacity per unit,https://en.wikipedia.org/wiki/Valle_Solar_Power_Station,50 MW,https://web.archive.org/web/20141102015104/http://social.csptoday.com/technology/torresol%E2%80%99s-valle-1-2-single-tank-thermal-storage-deployed,match,
308,HasNumericValue,How old are ancient drainage systems?,"Ancient drainage systems  —HasNumericValue—  over 5,000 years old",https://en.wikipedia.org/wiki/Sustainable_drainage_system,> 5000 years,https://www.mdpi.com/2073-4441/5/3/972,match,~ 3200 BC
309,HasSource,What is the bill number for the legislation that serves as the source of Oregon's Landscape Resiliency Program?,Oregon's Landscape Resiliency Program  —HasSource—  Senate Bill 762,https://en.wikipedia.org/wiki/Forest_restoration,762,https://www.dwt.com/-/media/files/blogs/energy-environmental-law-blog/2021/08/enrolled-or-senate-bill-762.pdf,match,
311,HasStatistic,How many people die each year due to air pollution?,Air Pollution  —HasStatistic—  6.7 million deaths per year,https://en.wikipedia.org/wiki/Air_pollution,6.7 million,https://www.who.int/news-room/fact-sheets/detail/ambient-(outdoor)-air-quality-and-health,match,
316,Reduces,By what percentage could relocating current croplands to optimal locations reduce the carbon footprint of global crop production?,Relocating current croplands to optimal locations  —Reduces—  carbon footprint of global crop production by 71%,https://en.wikipedia.org/wiki/Sustainable_food_system,71%,https://phys.org/news/2022-03-relocating-farmland-clock-twenty-years.html,match,
321,RateOf,"What is the incidence rate of precocious puberty in boys per 10,000?","Precocious puberty in boys  —RateOf—  5 per 10,000",https://en.wikipedia.org/wiki/Xenoestrogen,"5 per 10,000",https://pmc.ncbi.nlm.nih.gov/articles/PMC4634943/,match,"actual 0.5 per 100,000"
325,HasAverageValue,What is the seasonally adjusted average coefficient of performance for heat pumps in the northern US?,Heat pump coefficient of performance (COP) seasonally adjusted for northern US  —HasAverageValue—  3.2,https://en.wikipedia.org/wiki/Ground_source_heat_pump,3.2,https://encyclopedia.pub/entry/28898,match,
327,EmissionOf,How many tons of fly ash are emitted by the coal-based power plant on the Pandu River?,"Coal-based power plant on Pandu River  —EmissionOf—  210,000 tons of fly ash",https://en.wikipedia.org/wiki/Ganga_Action_Plan,"210,000","https://www.atulyaganga.com/what-ails-the-quality-of-water-of-river-ganga/

https://sciensage.info/index.php/JASR/article/download/602/134",match,
331,PercentageOf,What percentage of trips in Amsterdam are made by car?,Trips in Amsterdam  —PercentageOf—  23% made by car,https://en.wikipedia.org/wiki/Sustainable_transport,23%,https://unece.org/sites/default/files/2023-03/Road%20transport%20facts%20and%20figures_0.pdf,match,
332,HasMaxValue,What is the maximum number of harvest cycles for algal growth in a year?,Algal growth  —HasMaxValue—  6 harvest cycles annually,https://en.wikipedia.org/wiki/Algal_nutrient_solution,6 harvest per cycle,https://www.sciencedirect.com/science/chapter/bookseries/pii/S006522962100015X,match,
338,Decreases,By what percentage did the differences in foods eaten between countries decrease from 1961 to 2009?,Differences between foods eaten in different countries  —Decreases—  68% between 1961 and 2009,https://en.wikipedia.org/wiki/Agricultural_biodiversity,68%,https://www.pnas.org/doi/10.1073/pnas.1313490111,match,
346,HasAverageValue,What is the average annual savings of a geothermal pump?,"Geothermal pump annual savings  —HasAverageValue—  $90,000 per year",https://en.wikipedia.org/wiki/Sustainability_at_American_colleges_and_universities,"$90,000 per year",https://web.archive.org/web/20100528014831/http://www.lipscomb.edu/filter.asp?SID=4&fi_key=640&co_key=10136,match,
349,Decreases,By what percentage did coal consumption in China decrease in 2015?,Coal consumption in China  —Decreases—  3.6% in 2015,https://en.wikipedia.org/wiki/Coal_phase-out,3.60%,https://researchonline.lse.ac.uk/id/eprint/67503/1/Wu_China%E2%80%99s%20Post-Coal%20Growth.pdf,match,
357,VolumeOf,How many litres of water does a typical shower use?,Shower water volume  —VolumeOf—  50–80 litres,https://en.wikipedia.org/wiki/Water_heat_recycling,50-80 litres,https://www.susted.com/wordpress/content/dissecting-the-average-shower-and-its-impact-on-the-planet-an-invitation-to-collaborate-part-one-human-water-usage-and-global-impact_2020_03/,match,13 gallons to 23 gallons
359,HasImpact,What percentage of total factor productivity in African agriculture has been lost due to anthropogenic climate change since 1961?,Anthropogenic climate change in Africa  —HasImpact—  34% loss in agricultural total factor productivity since 1961,https://en.wikipedia.org/wiki/Climate_change_and_food_security_in_Africa,34%,https://www.nature.com/articles/s41558-021-01000-1,match,
360,EmissionOf,What percentage of global carbon emissions comes from transportation?,Transportation  —EmissionOf—  23% of global carbon emissions,https://en.wikipedia.org/wiki/Sustainable_habitat,23%,https://www.iisd.org/articles/deep-dive/road-sustainable-transport,match,
366,Increases,By what percentage does the dry weight of 30-day-old maize plants increase when exposed to doubled CO2 concentrations?,Dry weight of 30-day-old maize plants  —Increases—  20% with doubled CO2 concentration,https://en.wikipedia.org/wiki/CO2_fertilization_effect,20%,https://ui.adsabs.harvard.edu/abs/1979Oecol..44...68W,match,
373,Increases,By what percentage did global petroleum consumption increase between 1995 and 2014?,Global petroleum consumption  —Increases—  32% from 1995 to 2014,https://en.wikipedia.org/wiki/Carbon_bubble,32%,https://www.eia.gov/totalenergy/data/monthly/pdf/mer.pdf,match,8914 to 11796 thousand barrels
377,HasCapacity,Approximately how many UK homes can be powered by the Orbital Marine Power turbine's electricity demand capacity?,"Orbital Marine Power turbine electricity demand capacity  —HasCapacity—  around 2,000 UK homes",https://en.wikipedia.org/wiki/Orbital_Marine_Power,"2,000 homes",https://www.bbc.com/news/uk-scotland-57990532,match,
379,HasAction,On what date did the Winnipeg City Council approve the master plan?,"Winnipeg City Council  —HasAction—  approved master plan on October 19, 2011",https://en.wikipedia.org/wiki/Municipal_waste_management_in_Winnipeg,"October 19, 2011",https://www.cbc.ca/news/canada/manitoba/trash-plan-overhaul-passed-by-council-1.1061335,match,news coverage of the initiative
388,HasNumericValue,On what dates did the Battle of Cape Esperance take place?,Battle of Cape Esperance  —HasNumericValue—  11–12 October 1942,https://en.wikipedia.org/wiki/Ironbottom_Sound,11–12 October 1942,https://www.britannica.com/event/Battle-of-Cape-Esperance,match,
390,EmissionOf,What percentage of global energy-related greenhouse gas emissions came from cities in 2019?,Cities  —EmissionOf—  70% of energy-related greenhouse gas emissions as of 2019,https://en.wikipedia.org/wiki/Zero-carbon_city,70 percent,https://web.archive.org/web/20210304125023/https://news.un.org/en/story/2019/09/1046662,match,
395,EmissionOf,What is the total carbon dioxide equivalent emission from small ruminants like sheep and goats?,Small ruminants (sheep and goats)  —EmissionOf—  475 million tons of carbon dioxide equivalent,https://en.wikipedia.org/wiki/Greenhouse_gas_emissions_from_agriculture,475 million,https://www.mdpi.com/2071-1050/15/5/4118,match,
409,EmissionOf,What was Russia's total carbon dioxide equivalent emission in million tonnes for June 2023?,"Russia  —EmissionOf—  2,476 million tonnes CO2 equivalent in June 2023",https://en.wikipedia.org/wiki/List_of_locations_and_entities_by_greenhouse_gas_emissions,2476 million,https://www.wri.org/insights/interactive-chart-shows-changes-worlds-top-10-emitters,match,
411,Reduces,By what percentage have the unit costs of solar energy decreased?,Unit costs of solar energy  —Reduces—  85,https://en.wikipedia.org/wiki/Energy_transition,85,https://www.ipcc.ch/report/ar6/wg3/downloads/report/IPCC_AR6_WGIII_SummaryForPolicymakers.pdf,match,
413,RiskOf,What is the annual chance of flooding for a property in Band 2?,Band 2  —RiskOf—  between 200:1 and 75:1 chance of flooding annually,https://en.wikipedia.org/wiki/Environmental_surveying,between 200:1 and 75:1,https://scsi.ie/wp-content/uploads/2020/11/SCSI-Guide-to-Flooding.pdf,match,
414,PercentageOf,What percentage of the world's land is covered by wetlands?,Wetlands  —PercentageOf—  5.5% of the world's land,https://en.wikipedia.org/wiki/Carbon_sequestration,5.50%,https://www.epa.gov/report-environment/wetlands,match,
424,HasMaxValue,What is the maximum migration rate of a barchan dune in meters per year?,Barchan migration rate  —HasMaxValue—  30 meters per year,https://en.wikipedia.org/wiki/Aeolian_processes,30 meters,https://ndl.ethernet.edu.et/bitstream/123456789/20656/1/Mike%20R.%20Leeder_2011.pdf,match,with migration rates of up to 30 m/yr
433,EmissionOf,What is the total SOx emissions exposure in France in tonnes?,"SOx emissions exposure in France  —EmissionOf—  5,950 tonnes",https://en.wikipedia.org/wiki/Cruise_ship_pollution_in_Europe,"5,950 tons",https://www.assoporti.it/media/4595/one-corporation-to-pollute-them-all_te_2019_final.pdf,match,5949724 kg
438,HasNumericValue,How many people globally are severely food insecure?,Number of people severely food insecure globally  —HasNumericValue—  more than 864 million,https://en.wikipedia.org/wiki/Food_security,864 million,https://openknowledge.fao.org/server/api/core/bitstreams/39dbc6d1-58eb-4aac-bd8a-47a8a2c07c67/content/state-food-security-and-nutrition-2024/executive-summary.html#gsc.tab=0,match,
444,HasAverageValue,What is the average duration in millions of years for Cenozoic bivalve species?,Cenozoic Bivalves  —HasAverageValue—  10 million years,https://en.wikipedia.org/wiki/Background_extinction_rate,10 million,https://academic.oup.com/jcb/article/46/1/ruag007/8498769,match,
445,HasGrowthRate,What is the annual expansion growth rate of marine macroalgae?,Marine macroalgae expansion growth rate  —HasGrowthRate—  13.4%/yr,https://en.wikipedia.org/wiki/Carbon_dioxide_removal,13.4 percent a year,https://cleantechnica.com/2026/01/21/seaweed-blooms-suggest-the-ocean-is-geoengineering-itself/,match,
456,EfficiencyOf,What is the efficiency of the VLH turbine?,VLH turbine  —EfficiencyOf—  90,https://en.wikipedia.org/wiki/Micro_hydro,90%,https://www.sciencedirect.com/science/article/pii/S2213138821009383,match,
464,MitigationOf,How many tonnes of PM10 particulate matter were mitigated by trees in the Chicago region in 1991?,Trees in the Chicago region  —MitigationOf—  234 tonnes of particulate matter less than 10 micrometres (PM10) in 1991,https://en.wikipedia.org/wiki/Urban_forest,234 tons,https://cdn.forestresearch.gov.uk/2022/02/urgp_case_study_011_chicago_air_quality.pdf,match,212 t (234 tons) of particulate matter less than 10 microns
470,EfficiencyOf,What is the efficiency of conventional electricity generation?,Efficiency of conventional electricity generation  —EfficiencyOf—  30,https://en.wikipedia.org/wiki/Efficient_energy_use,30 %,http://ladoma.org/wp-content/uploads/2015/01/Energy-Efficiency-Fact-Sheet.pdf,match,
478,VolumeOf,How many acres of forest were cleared or deforested in Indonesia between 2000 and 2012?,Clearing and deforestation in Indonesia  —VolumeOf—  15 million acres lost between 2000 and 2012,https://en.wikipedia.org/wiki/Clearing_%28geography%29,15 mollion,https://science.nasa.gov/missions/landsat/a-closer-look-at-old-growth-forest-loss-in-indonesia/,match, 6 million hectares (close to 15 million acres)
483,HasNumericValue,How many tonnes of carbon per hectare are stored in the soil of croplands?,Croplands  —HasNumericValue—  80 tonnes carbon per hectare in soil,https://en.wikipedia.org/wiki/Climate-friendly_gardening,80,https://web.archive.org/web/20181102162424/http://www.ipcc.ch/ipccreports/sres/land_use/index.php?idp=0,match,
486,HasAction,What number is in the name of the tax credit contained in the Inflation Reduction Act of 2022?,Inflation Reduction Act of 2022  —HasAction—  contains the 45Q tax,https://en.wikipedia.org/wiki/Carbon_dioxide_removal,45Q,https://pmc.ncbi.nlm.nih.gov/articles/PMC9905497/,match,
490,EfficiencyOf,What is the efficiency of greenhouse collectors?,Greenhouse collectors  —EfficiencyOf—  25,https://en.wikipedia.org/wiki/Solar_updraft_tower,25%,https://www.sciencedirect.com/science/article/abs/pii/S0196890417302601?via%3Dihub,match,
494,HasComparison,How many times higher than international action recommendations is the dioxin contamination level at Da Nang Air Base?,Dioxin contamination at Da Nang Air Base  —HasComparison—  350 times higher than international recommendations for action,https://en.wikipedia.org/wiki/Agent_Orange,350 times,https://links.org.au/terrible-legacy-agent-orange-and-dioxin,match,
496,HasComparison,How many times more carbon does the soil contain compared to the atmosphere and vegetation combined?,Soil  —HasComparison—  2-3x more Carbon (C) than atmosphere and vegetation combined,https://en.wikipedia.org/wiki/Soil_organic_matter, two to three times ,https://www.sciencedirect.com/science/article/pii/S2773126X22000053,match,
